,precision_score,balanced_accuracy_score,dcg_score,dcg_score_at_k,f1_score,jaccard_score,ndcg_score,ndcg_at_k_score,precision_score_weighted,sections_list,N
0,0.7161862527716186,0.5,46.58743464732892,2.11164588780054,0.5977471825458212,0.7161862527716186,0.9288982963162952,0.7161862527716185,0.5129227486590529,latest_news,451
1,1.0,1.0,8.959731955258784,2.948459118879392,1.0,1.0,1.0,0.9999999999999999,1.0,hybrid,29
2,0.8387096774193549,0.5,12.540360277512612,2.47290119647949,0.7651386530843237,0.8387096774193549,0.9466036581220912,0.8387096774193546,0.7034339229968783,content_categories,62
3,0.8414634146341463,0.5,15.298948544930521,2.4810204780814393,0.7690195445000807,0.8414634146341463,0.9498850812583322,0.8414634146341462,0.7080606781677573,content_keywords,82
4,0.8879310344827587,0.5,20.689686069686907,2.6180283555567017,0.8352227995591247,0.8879310344827587,0.967380032715462,0.8879310344827586,0.7884215219976219,user_svd,116
5,0.8260869565217391,0.5,6.363910579308621,2.4356836199438456,0.7474120082815735,0.8260869565217391,0.9341385554903661,0.826086956521739,0.6824196597353497,user_classifier,23
6,1.0,1.0,3.304666305987414,2.948459118879392,1.0,1.0,1.0,1.0,1.0,content_based,6
7,0.7535744322960471,0.5,106.86614094957747,2.221883406657641,0.6476764425297442,0.7535744322960471,0.9492803148247654,0.753574432296047,0.5678744250103097,user_mix_evaluation,1189
8,0.8125,0.5,4.961123813857274,2.395623034089506,0.728448275862069,0.8125,0.926379561279487,0.8124999999999999,0.66015625,hybrid_fuzzy,16
