,precision_score,balanced_accuracy_score,dcg_score,dcg_score_at_k,f1_score,jaccard_score,ndcg_score,ndcg_at_k_score,precision_score_weighted,sections_list,N
0,[0.         0.72674419],0.5,38.26823753257273,2.1427755224414184,0.6117375303421815,0.7267441860465116,0.9285597672884319,0.7267441860465115,0.5281571119524067,latest_news,344
1,[1.],1.0,8.959731955258784,2.948459118879392,1.0,1.0,1.0,0.9999999999999999,1.0,hybrid,29
2,[0.         0.96296296],0.5,8.233420072903847,2.839256929291266,0.9447938504542278,0.9629629629629629,0.9869750153407713,0.9629629629629627,0.9272976680384087,content_categories,27
3,[0.         0.90909091],0.5,10.75093427145566,2.680417380799447,0.8658008658008658,0.9090909090909091,0.9693357301629343,0.9090909090909088,0.8264462809917354,content_keywords,44
4,[0.         0.98214286],0.5,13.6892183834823,2.895808063185117,0.9732947232947231,0.9821428571428571,0.9943738558582657,0.982142857142857,0.9646045918367346,user_svd,56
5,[0.  0.8],0.5,5.632214705538809,2.3587672951035135,0.7111111111111111,0.8,0.9224068215085135,0.7999999999999999,0.64,user_classifier,20
