"",precision_score,balanced_accuracy_score,dcg_score,dcg_score_at_k,f1_score,jaccard_score,ndcg_score,ndcg_at_k_score,precision_score_weighted,sections_list,N
0,[0.         0.77674419],0.5,28.556505691503173,2.290198478385388,0.6791428223548033,0.7767441860465116,0.9382829391495788,0.7767441860465114,0.6033315305570579,latest_news,215
1,[1.],1.0,7.040268381923511,2.948459118879392,1.0,1.0,1.0,0.9999999999999999,1.0,hybrid,20
2,[0.         0.94444444],0.5,6.215596591174198,2.784655834497203,0.9174603174603173,0.9444444444444444,0.9794802562842674,0.9444444444444442,0.8919753086419752,content_categories,18
3,[0.  0.9],0.5,8.245422937656794,2.653613206991453,0.8526315789473685,0.9,0.9643667920041386,0.8999999999999999,0.81,content_keywords,30
4,[0.         0.95833333],0.5,7.589060360511617,2.825606655592751,0.9379432624113475,0.9583333333333334,0.9851212863452751,0.9583333333333333,0.9184027777777778,user_svd,24
5,[0.  0.7],0.5,3.180491536661841,2.063921383215574,0.5764705882352941,0.7,0.8742418504625449,0.7,0.48999999999999994,user_classifier,10
